-9.802508354187011719e-01,-2.962045967578887939e-01,-1.585887074470520020e+00,1.895129382610321045e-01,3.935063183307647705e-01,-1.798370480537414551e-01,-2.884025573730468750e-01,1.227627277374267578e+00,-6.252898573875427246e-01,1.116474747657775879e+00
-1.120416760444641113e+00,1.247796773910522461e+00,-4.825097024440765381e-01,-8.129803836345672607e-02,-1.280575275421142578e+00,9.614580869674682617e-01,-1.258082747459411621e+00,-8.430164456367492676e-01,6.010561585426330566e-01,-9.099310636520385742e-01
-3.922751545906066895e-01,9.655779004096984863e-01,-6.103050112724304199e-01,-7.980752736330032349e-02,8.039328455924987793e-01,3.939620256423950195e+00,-3.149173855781555176e-01,-9.785594940185546875e-01,-1.805009990930557251e-01,-2.247753143310546875e+00
-9.398034214973449707e-01,4.893304109573364258e-01,-9.579311013221740723e-01,-7.864649295806884766e-01,-1.678715944290161133e+00,6.250940561294555664e-01,-1.906517893075942993e-01,-3.136212527751922607e-01,-7.712729573249816895e-01,-8.146767318248748779e-02
-1.615592539310455322e-01,-6.179791688919067383e-01,2.305150330066680908e-01,2.434271097183227539e+00,-1.377595543861389160e+00,-8.984340429306030273e-01,-6.488138437271118164e-01,-7.525598406791687012e-01,-1.585229754447937012e+00,6.169837713241577148e-01
-2.138947486877441406e+00,6.241280436515808105e-01,-1.322667002677917480e+00,2.826539278030395508e+00,-9.724846482276916504e-01,1.527217626571655273e+00,-2.708860635757446289e+00,-1.124818772077560425e-01,-4.667445421218872070e-01,-7.998076081275939941e-01
-2.631933212280273438e+00,-1.645926117897033691e+00,5.467460751533508301e-01,4.296782910823822021e-01,-2.724335432052612305e+00,9.308858513832092285e-01,-1.830267548561096191e+00,1.639590024948120117e+00,-2.606643676757812500e+00,-4.586526155471801758e-01
-2.429411411285400391e+00,1.347208261489868164e+00,-1.287049770355224609e+00,2.504251480102539062e+00,-1.857676170766353607e-02,2.473395347595214844e+00,-4.065894126892089844e+00,5.954464077949523926e-01,-2.195042848587036133e+00,2.383629798889160156e+00
9.348353743553161621e-01,-7.797435522079467773e-01,6.928063631057739258e-01,4.949727356433868408e-01,1.812462449073791504e+00,-9.249704480171203613e-01,1.378205657005310059e+00,1.945600062608718872e-01,1.824919819831848145e+00,-2.408002138137817383e+00
1.339470781385898590e-02,1.028769254684448242e+00,-2.989828586578369141e-01,4.721023142337799072e-01,-1.911582589149475098e+00,3.835292160511016846e-01,1.788767457008361816e+00,8.128965497016906738e-01,3.509648740291595459e-01,-9.249514937400817871e-01
-1.476308822631835938e+00,-1.155357480049133301e+00,-2.904438495635986328e+00,-1.635372877120971680e+00,1.089630484580993652e+00,1.218785881996154785e+00,1.300984382629394531e+00,-1.408124923706054688e+00,9.542813897132873535e-01,4.020352363586425781e-01
-9.863191246986389160e-01,-4.771398901939392090e-01,-2.094709157943725586e+00,1.716833710670471191e-01,6.531821489334106445e-01,6.760898977518081665e-02,1.789471626281738281e+00,2.073916196823120117e-01,-5.051155090332031250e-01,5.597720146179199219e-01
1.017533898353576660e+00,2.275842726230621338e-01,-5.251131057739257812e-01,3.570073246955871582e-01,1.603886961936950684e+00,8.657774925231933594e-01,2.456011921167373657e-01,3.760302066802978516e-01,-3.523779153823852539e+00,-1.486374884843826294e-01
1.652808636426925659e-01,-1.549825906753540039e+00,4.927452802658081055e-01,-1.100765228271484375e+00,1.012577533721923828e+00,1.530979633331298828e+00,-1.053679943084716797e+00,-1.086250618100166321e-01,-1.230363726615905762e+00,-2.377854287624359131e-01
1.389351129531860352e+00,-1.325550794601440430e+00,-3.636146068572998047e+00,-2.951498329639434814e-01,8.681440353393554688e-01,-2.141388505697250366e-01,2.912156879901885986e-01,9.752052426338195801e-01,-1.151358246803283691e+00,-1.367963999509811401e-01
6.088966727256774902e-01,-2.174705266952514648e+00,1.825930476188659668e+00,-1.364165425300598145e+00,-3.422739505767822266e-01,-8.911045789718627930e-01,-6.867342442274093628e-02,4.598948657512664795e-01,-8.873593807220458984e-02,4.420657753944396973e-01
-7.259508371353149414e-01,1.429463148117065430e+00,-1.608403444290161133e+00,-1.118969440460205078e+00,4.647824466228485107e-01,5.463528037071228027e-01,-1.062981963157653809e+00,-5.144827961921691895e-01,-5.175088047981262207e-01,1.620073169469833374e-01
-4.420242607593536377e-01,7.955967783927917480e-01,7.045103907585144043e-01,9.414349794387817383e-01,5.719846487045288086e-02,-1.412387471646070480e-02,3.111294507980346680e-01,-2.101324558258056641e+00,2.341681718826293945e-01,2.536019086837768555e-01
-8.317171931266784668e-01,1.984515547752380371e+00,5.974639654159545898e-01,-9.265394210815429688e-01,1.965850710868835449e+00,-1.653280854225158691e+00,1.309609532356262207e+00,-1.638017147779464722e-01,2.303136348724365234e+00,-7.903231382369995117e-01
2.336558580398559570e+00,-1.023602247238159180e+00,7.303113937377929688e-01,-1.313431978225708008e+00,4.816839098930358887e-01,-7.110103964805603027e-01,9.536231160163879395e-01,-2.925972640514373779e-01,-1.974040389060974121e+00,-1.677847981452941895e+00
2.186839342117309570e+00,-9.412220716476440430e-01,1.256904006004333496e+00,-4.951036870479583740e-01,-2.074445933103561401e-01,8.329460024833679199e-01,-4.788441956043243408e-01,-1.432739853858947754e+00,8.477848768234252930e-01,-5.696049928665161133e-01
-1.578273653984069824e+00,6.604865193367004395e-01,-3.836444318294525146e-01,1.282237887382507324e+00,-2.193936109542846680e-01,-8.383439779281616211e-01,-7.072477340698242188e-01,8.981906771659851074e-01,-1.610341191291809082e+00,2.557838439941406250e+00
7.984398603439331055e-01,-1.048117429018020630e-01,-1.056422114372253418e+00,1.120891720056533813e-01,1.573156267404556274e-01,-1.139869913458824158e-01,-1.578503489494323730e+00,-1.225200533866882324e+00,1.665573120117187500e-01,-8.757142424583435059e-01
5.560279488563537598e-01,-6.818357706069946289e-01,8.159044384956359863e-01,2.017707936465740204e-02,-9.310829639434814453e-01,1.625863432884216309e+00,-1.326140761375427246e+00,-3.082144558429718018e-01,2.456809207797050476e-02,1.735723465681076050e-01
-1.055221080780029297e+00,2.774847149848937988e-01,-1.469395637512207031e+00,-1.111801147460937500e+00,-1.077244520187377930e+00,-1.238569736480712891e+00,-3.216708004474639893e-01,-7.412039488554000854e-02,-3.956926167011260986e-01,-8.146431446075439453e-01
-2.838647961616516113e-01,1.300682425498962402e+00,4.731329381465911865e-01,2.011706084012985229e-01,7.085681557655334473e-01,-2.969780206680297852e+00,-2.556056976318359375e-01,3.962999582290649414e-01,-7.559710144996643066e-01,7.363257408142089844e-01
1.399579405784606934e+00,1.517473101615905762e+00,9.253385066986083984e-01,-1.907135248184204102e-01,-3.674249947071075439e-01,5.562726855278015137e-01,-3.759360015392303467e-01,-1.058171987533569336e+00,-1.497982859611511230e+00,-1.430506944656372070e+00
1.867566466331481934e+00,-1.634836912155151367e+00,-9.525714069604873657e-02,1.465976834297180176e+00,-1.569362521171569824e+00,2.781668864190578461e-02,-1.787288665771484375e+00,-2.996385097503662109e-01,4.769354760646820068e-01,4.822775721549987793e-01
-1.021348237991333008e+00,-1.246246218681335449e+00,5.590375065803527832e-01,-1.711693167686462402e+00,1.295015811920166016e+00,1.791364431381225586e+00,1.032551288604736328e+00,-3.526238501071929932e-01,1.014626622200012207e+00,-1.726858168840408325e-01
1.382717847824096680e+00,-1.494000673294067383e+00,-1.217941999435424805e+00,3.083599805831909180e-01,7.648062705993652344e-01,-1.532271206378936768e-01,-5.147075653076171875e-01,-4.752201437950134277e-01,-2.150652706623077393e-01,2.331830501556396484e+00
8.649932146072387695e-01,-2.063954830169677734e+00,6.142743825912475586e-01,1.057550311088562012e+00,6.197726726531982422e-01,-7.356792688369750977e-01,2.070151090621948242e+00,-7.862586975097656250e-01,-4.835055172443389893e-01,5.999156832695007324e-01
1.992993950843811035e-01,4.244427084922790527e-01,-9.368453025817871094e-01,2.162631988525390625e+00,-1.558258891105651855e+00,1.676017522811889648e+00,-1.846055150032043457e+00,-8.512746691703796387e-01,-1.456776976585388184e+00,8.694677799940109253e-02
1.971229016780853271e-01,5.310027599334716797e-01,-1.617043614387512207e+00,8.599195480346679688e-01,-2.985010862350463867e+00,4.768552482128143311e-01,2.057846784591674805e+00,1.649416089057922363e-01,-1.474771857261657715e+00,2.061604857444763184e-01
-1.695216298103332520e+00,-1.816426157951354980e+00,-1.212415099143981934e+00,2.527448177337646484e+00,-1.008162856101989746e+00,1.616120219230651855e+00,-4.188653469085693359e+00,-2.140246391296386719e+00,8.260074853897094727e-01,9.466562271118164062e-01
-1.544921875000000000e+00,-8.868227601051330566e-01,1.474297881126403809e+00,4.128835797309875488e-01,6.515133976936340332e-01,-1.186356902122497559e+00,-9.816122651100158691e-01,-7.395521402359008789e-01,-1.887427568435668945e-01,-2.233761399984359741e-01
-6.960558891296386719e-01,-2.021640300750732422e+00,9.488308429718017578e-01,3.655387461185455322e-01,-6.645266413688659668e-01,2.281730771064758301e-01,-1.504021696746349335e-02,-2.842124998569488525e-01,-7.158426046371459961e-01,1.216166496276855469e+00
6.644202470779418945e-01,-2.951610386371612549e-01,1.712393760681152344e+00,1.287396848201751709e-01,-2.061546802520751953e+00,9.133438467979431152e-01,1.672750830650329590e+00,2.005759954452514648e+00,1.242842912673950195e+00,9.476847648620605469e-01
7.943949699401855469e-01,-3.984982252120971680e+00,-2.289051771163940430e+00,-1.514815449714660645e+00,3.585798442363739014e-01,7.040746808052062988e-01,1.073563218116760254e+00,-1.001374602317810059e+00,-1.698023319244384766e+00,4.994518160820007324e-01
-9.846329092979431152e-01,4.845869839191436768e-01,4.987002015113830566e-01,-2.696711301803588867e+00,-3.340314626693725586e-01,-5.157790184020996094e-01,-2.530376911163330078e+00,4.875079989433288574e-01,-1.129987597465515137e+00,2.957891941070556641e+00
1.262947767972946167e-01,-8.809960484504699707e-01,1.855420708656311035e+00,9.142247438430786133e-01,-1.242082640528678894e-01,-1.095619559288024902e+00,9.713866114616394043e-01,-1.961199194192886353e-01,4.708158969879150391e-02,-3.320020735263824463e-01
1.616330981254577637e+00,-4.394892752170562744e-01,2.997498512268066406e-01,-8.334264159202575684e-01,1.965528845787048340e+00,-1.493253827095031738e+00,6.170255541801452637e-01,7.022813558578491211e-01,5.179566740989685059e-01,1.751500606536865234e+00
-4.854640364646911621e-01,-7.879687547683715820e-01,1.728875637054443359e+00,-4.442312121391296387e-01,-2.325336933135986328e+00,-2.617113590240478516e+00,1.938835978507995605e-01,2.919014096260070801e-01,-4.152622222900390625e+00,6.721369624137878418e-01
-2.373938798904418945e+00,3.603761792182922363e-01,-4.963824152946472168e-01,1.107151269912719727e+00,-3.811670064926147461e+00,-1.401251316070556641e+00,7.713770866394042969e-01,1.659625411033630371e+00,-1.991816282272338867e+00,5.478484034538269043e-01
-4.818772971630096436e-01,8.380514979362487793e-01,-1.959772408008575439e-01,2.103016078472137451e-01,-4.974344372749328613e-01,-3.908476978540420532e-02,9.549448490142822266e-01,5.710929632186889648e-01,7.188593149185180664e-01,-1.296420693397521973e+00
7.291226983070373535e-01,-1.213685512542724609e+00,-4.661895036697387695e-01,1.595920026302337646e-01,-2.482121944427490234e+00,1.386350631713867188e+00,-2.368156194686889648e+00,2.814249396324157715e-01,8.460209518671035767e-02,1.661246299743652344e+00
1.510693073272705078e+00,1.558267474174499512e+00,-2.281094312667846680e+00,-1.206646442413330078e+00,-7.777554392814636230e-01,1.811459064483642578e+00,1.880645602941513062e-01,-4.300566017627716064e-01,1.108305692672729492e+00,1.777542233467102051e+00
-1.553897023200988770e+00,8.447594046592712402e-01,1.484619021415710449e+00,-6.589987128973007202e-02,-1.015992999076843262e+00,-1.163686513900756836e+00,-1.326669007539749146e-01,1.118474960327148438e+00,1.234398007392883301e+00,-8.155828118324279785e-01
-4.089922010898590088e-01,-5.301971435546875000e-01,1.454047709703445435e-01,9.674677848815917969e-01,4.604458436369895935e-02,-8.766945600509643555e-01,-1.309686303138732910e+00,2.483224153518676758e+00,1.219751536846160889e-01,3.090618252754211426e-01
1.201808333396911621e+00,3.204482793807983398e-01,2.606165409088134766e-01,2.011095046997070312e+00,-1.366020560264587402e+00,-1.816457152366638184e+00,-2.956363677978515625e+00,-3.004628419876098633e-02,-1.704978704452514648e+00,1.350727081298828125e+00
1.222855210304260254e+00,7.234332561492919922e-01,-1.727453470230102539e-01,1.802296638488769531e-01,-1.870585829019546509e-01,-1.546033024787902832e-01,4.204359054565429688e-01,-1.857258975505828857e-01,-8.541081547737121582e-01,-1.378515362739562988e+00
7.016338109970092773e-01,9.591429829597473145e-01,1.192821636795997620e-01,-1.622316241264343262e+00,9.036611914634704590e-01,-6.622012853622436523e-01,2.737594604492187500e+00,1.380966067314147949e+00,-6.118487119674682617e-01,7.059010267257690430e-01
7.015706300735473633e-01,-7.350974678993225098e-01,4.898176789283752441e-01,-8.397399187088012695e-01,-1.954942107200622559e+00,1.649075746536254883e+00,1.123765587806701660e+00,-1.433036684989929199e+00,-6.272544264793395996e-01,-8.488016128540039062e-01
-1.905371904373168945e+00,1.742808103561401367e+00,-1.344691038131713867e+00,-2.445182502269744873e-01,-4.499472081661224365e-01,9.075292944908142090e-01,2.153867721557617188e+00,5.914848446846008301e-01,-1.100527644157409668e+00,8.722618222236633301e-01
-3.400315284729003906e+00,1.001727208495140076e-01,7.915633916854858398e-01,4.439169764518737793e-01,-3.690106570720672607e-01,-1.765321016311645508e+00,-2.891179407015442848e-03,-1.229191899299621582e+00,-5.392809212207794189e-02,3.485413193702697754e-01
-6.279509663581848145e-01,1.310667842626571655e-01,8.311283588409423828e-01,1.286221742630004883e+00,-3.136248290538787842e-01,1.435875194147229195e-03,-3.747374117374420166e-01,7.680774927139282227e-01,-1.440383911132812500e+00,-1.342596054077148438e+00
1.109879136085510254e+00,4.404395222663879395e-01,-3.769433498382568359e-01,-2.003646135330200195e+00,-7.206516265869140625e-01,-7.581604719161987305e-01,-1.640719026327133179e-01,1.152190685272216797e+00,4.201309084892272949e-01,1.214555501937866211e+00
-5.502150654792785645e-01,-2.345943450927734375e+00,-1.014579176902770996e+00,-2.600074291229248047e+00,-5.337184071540832520e-01,-4.191932976245880127e-01,6.680985093116760254e-01,9.348718523979187012e-01,-1.710105061531066895e+00,-2.675732970237731934e-01
2.081977844238281250e+00,7.119206190109252930e-01,6.094590425491333008e-01,5.548776984214782715e-01,3.470611870288848877e-01,1.097442030906677246e+00,1.123215913772583008e+00,-1.186525464057922363e+00,2.219121903181076050e-01,5.410301312804222107e-02
1.155141234397888184e+00,-5.232924818992614746e-01,-9.916520863771438599e-02,-3.447084724903106689e-01,-3.081192672252655029e-01,3.305942118167877197e-01,6.285836696624755859e-01,-1.410813331604003906e-01,2.638820409774780273e+00,5.470386743545532227e-01
-1.579541444778442383e+00,3.988815546035766602e+00,1.156100153923034668e+00,1.161853909492492676e+00,2.181520938873291016e+00,9.486290812492370605e-02,-2.337172269821166992e+00,-2.405999183654785156e+00,1.108163475990295410e+00,-2.695715427398681641e+00
-9.188855886459350586e-01,-2.431399822235107422e+00,3.156512081623077393e-01,1.433878421783447266e+00,-4.897407591342926025e-01,-3.541508018970489502e-01,1.883006930351257324e+00,1.125556826591491699e+00,-2.342911720275878906e+00,2.404237747192382812e+00
5.554466247558593750e-01,-3.347930431365966797e+00,1.485032320022583008e+00,4.162320196628570557e-01,-1.040603518486022949e+00,-4.392828419804573059e-02,2.209066390991210938e+00,6.368077993392944336e-01,-1.023806929588317871e+00,-1.346545934677124023e+00
1.720239281654357910e+00,2.422837257385253906e+00,-7.947461307048797607e-02,-2.159352540969848633e+00,-1.765055060386657715e-01,-1.478028535842895508e+00,-9.714911580085754395e-01,2.546308279037475586e+00,-1.561990261077880859e+00,-2.003279447555541992e+00
3.766475990414619446e-02,2.211394309997558594e-01,3.949541449546813965e-01,-2.090349197387695312e+00,1.002459883689880371e+00,1.811787843704223633e+00,-1.845351904630661011e-01,1.018335938453674316e+00,1.260292977094650269e-01,4.843422770500183105e-01
-2.838402032852172852e+00,-2.144926548004150391e+00,-1.463644802570343018e-01,1.671344995498657227e+00,1.278635412454605103e-01,1.324620008468627930e+00,1.816445827484130859e+00,-1.031770110130310059e+00,3.404203951358795166e-01,-3.389255106449127197e-01
-1.096657276153564453e+00,-4.275500476360321045e-01,-1.266502022743225098e+00,1.472261905670166016e+00,-9.371717572212219238e-01,1.149593830108642578e+00,1.261923909187316895e+00,-1.452123522758483887e+00,6.509798169136047363e-01,-1.378540277481079102e+00
-8.816986680030822754e-01,1.333420157432556152e+00,-7.214359194040298462e-02,6.762738227844238281e-01,-4.160738885402679443e-01,8.414787054061889648e-01,-1.236540198326110840e+00,-1.382285356521606445e+00,1.581440097652375698e-03,-3.245618045330047607e-01
-1.560394763946533203e-01,-2.191154479980468750e+00,2.016178846359252930e+00,4.086124598979949951e-01,-1.349707484245300293e+00,6.185473203659057617e-01,9.529729485511779785e-01,-1.209663391113281250e+00,-1.856186509132385254e+00,-3.229935169219970703e+00
2.333451509475708008e+00,-6.926939487457275391e-01,-2.936302125453948975e-01,3.798294663429260254e-01,-1.123751521110534668e+00,1.746966093778610229e-01,7.691352367401123047e-01,1.177890658378601074e+00,-8.052413463592529297e-01,-1.725525617599487305e+00
-8.847325444221496582e-01,1.888831891119480133e-02,7.062181234359741211e-01,1.334709286689758301e+00,1.574823260307312012e-01,-1.502665400505065918e+00,5.529687404632568359e-01,-3.263323009014129639e-01,-1.272292137145996094e+00,-3.376276195049285889e-01
1.912931799888610840e-01,4.532718956470489502e-01,-1.078085899353027344e+00,-2.034088373184204102e-01,1.208585500717163086e+00,1.473498344421386719e+00,2.529511928558349609e+00,1.924682259559631348e-01,-7.875751256942749023e-01,2.543185651302337646e-01
-2.163743019104003906e+00,8.754806518554687500e-01,-1.133533343672752380e-01,-9.098874032497406006e-02,3.218427598476409912e-01,-1.624479740858078003e-01,-8.804041147232055664e-01,6.254321932792663574e-01,-3.532731831073760986e-01,-9.520511627197265625e-01
-1.281208634376525879e+00,-1.024094223976135254e+00,5.654717683792114258e-01,9.897481799125671387e-01,1.028588414192199707e+00,1.354887723922729492e+00,3.352751433849334717e-01,1.911812275648117065e-01,1.124763011932373047e+00,1.040211796760559082e+00
-2.145029067993164062e+00,7.761567085981369019e-02,-1.880157351493835449e+00,2.118701934814453125e+00,3.303334712982177734e-01,1.945780277252197266e+00,-1.931296467781066895e+00,-2.089687734842300415e-01,-2.101135969161987305e+00,7.955537736415863037e-02
-2.704439878463745117e+00,2.866338789463043213e-01,-5.232024192810058594e-02,1.248465180397033691e+00,1.632266283035278320e+00,2.203509330749511719e+00,-2.868718385696411133e+00,1.080586910247802734e+00,-1.468645334243774414e+00,9.602732062339782715e-01
5.657564401626586914e-01,-1.467612743377685547e+00,4.872746765613555908e-01,-1.303191423416137695e+00,9.496766328811645508e-01,-2.410915613174438477e+00,1.884714365005493164e-01,-1.432433724403381348e+00,1.461161732673645020e+00,-5.676550269126892090e-01
-2.773409485816955566e-01,-5.376091599464416504e-02,-2.281577885150909424e-01,-3.357104063034057617e-01,-2.884550988674163818e-01,-1.941305845975875854e-01,-2.694511711597442627e-01,-5.758832693099975586e-01,-5.005933046340942383e-01,-4.087361991405487061e-01
2.060306221246719360e-01,-1.112040206789970398e-01,7.581796646118164062e-01,1.358118295669555664e+00,-1.292417287826538086e+00,1.408835947513580322e-01,-2.249521017074584961e-01,-2.224504709243774414e+00,1.321421980857849121e+00,-1.325716018676757812e+00
-1.544152259826660156e+00,7.869377732276916504e-01,-7.468359470367431641e-01,-6.633186936378479004e-01,-5.817510932683944702e-02,1.430590987205505371e+00,1.615900397300720215e-01,1.848151922225952148e+00,-8.461912870407104492e-01,9.191212654113769531e-01
-1.616714000701904297e+00,-1.301007121801376343e-01,1.570030927658081055e+00,-3.667692840099334717e-01,-1.037689566612243652e+00,-1.834919571876525879e+00,2.806345522403717041e-01,-1.926559507846832275e-01,-4.336288869380950928e-01,-9.502522945404052734e-01
5.056618452072143555e-01,-3.217243254184722900e-01,-3.187171518802642822e-01,1.299821306020021439e-02,2.728242576122283936e-01,5.372033119201660156e-01,-5.193285942077636719e-01,2.484053373336791992e-01,6.145329475402832031e-01,2.207906395196914673e-01
1.065950870513916016e+00,-4.133124649524688721e-01,1.865706324577331543e+00,4.076430797576904297e-01,-1.745361924171447754e+00,-1.743495583534240723e+00,8.250235915184020996e-01,1.143070816993713379e+00,-1.698844671249389648e+00,-7.372809052467346191e-01
-1.488989949226379395e+00,4.702478945255279541e-01,-1.070702672004699707e+00,-8.342351019382476807e-02,1.955061316490173340e+00,-1.036238670349121094e+00,-2.260257244110107422e+00,1.398970842361450195e+00,1.432418227195739746e-01,-2.468135952949523926e-01
-2.103753805160522461e+00,2.205452680587768555e+00,-3.827204108238220215e-01,-1.744460463523864746e+00,1.422856569290161133e+00,-1.185153275728225708e-01,-1.169654726982116699e+00,-6.795140504837036133e-01,-8.769945502281188965e-01,4.829502999782562256e-01
-6.824350953102111816e-01,-1.465098500251770020e+00,1.627788782119750977e+00,4.719918072223663330e-01,-3.997763633728027344e+00,7.637956738471984863e-01,4.547408223152160645e-01,2.148647308349609375e+00,4.960699081420898438e-01,-1.052391767501831055e+00
-1.999073505401611328e+00,2.375597953796386719e-01,-2.390099763870239258e+00,1.458477854728698730e+00,2.011793136596679688e+00,-3.881272375583648682e-01,-2.304924488067626953e+00,-2.049438953399658203e+00,6.332634091377258301e-01,9.286321997642517090e-01
6.990938186645507812e-01,-1.629360318183898926e+00,2.360671311616897583e-01,2.465857416391372681e-01,6.497805118560791016e-01,1.385088920593261719e+00,1.068372130393981934e+00,-2.644920945167541504e-01,7.568637728691101074e-01,-1.240427494049072266e+00
1.317463159561157227e+00,-7.631651163101196289e-01,1.656780242919921875e-01,9.075488895177841187e-02,1.335887908935546875e-01,1.207289576530456543e+00,-2.415831983089447021e-01,1.576863378286361694e-01,1.650918245315551758e+00,-1.402949929237365723e+00
4.311853647232055664e-01,4.393726289272308350e-01,-1.484353393316268921e-01,4.195690751075744629e-01,-9.888964295387268066e-01,-7.575689554214477539e-01,6.230472922325134277e-01,-2.430733889341354370e-01,-7.273076772689819336e-01,7.659053206443786621e-01
-6.765611469745635986e-02,1.153145432472229004e-01,-2.773960113525390625e+00,8.774952292442321777e-01,-1.195297956466674805e+00,6.989951133728027344e-01,-4.612382948398590088e-01,2.502945363521575928e-01,4.251072108745574951e-01,4.411742985248565674e-01
-9.355441331863403320e-01,-2.260058879852294922e+00,1.976049184799194336e+00,7.154691219329833984e-01,1.935654431581497192e-01,-1.048478484153747559e+00,-8.472924828529357910e-01,1.241066694259643555e+00,5.722697973251342773e-01,2.174125671386718750e+00
-6.961098909378051758e-01,1.090068221092224121e+00,8.009596467018127441e-01,1.198433995246887207e+00,-5.719499588012695312e-01,-1.426736235618591309e+00,7.729770541191101074e-01,2.579086422920227051e-01,-7.025126814842224121e-01,-1.426841020584106445e+00
3.713598549365997314e-01,-5.185650587081909180e-01,-1.401944756507873535e+00,-1.377669811248779297e+00,2.543032407760620117e+00,-4.255845248699188232e-01,2.144472837448120117e+00,-6.136930584907531738e-01,-1.378848850727081299e-01,1.800584316253662109e+00
-8.630825877189636230e-01,-2.612582147121429443e-01,-1.590956330299377441e+00,3.975076973438262939e-01,4.200117588043212891e-01,1.531967520713806152e+00,1.506134867668151855e-01,-1.528432607650756836e+00,9.175397753715515137e-01,8.965677618980407715e-01
9.346926212310791016e-01,-1.863985300064086914e+00,-6.979816555976867676e-01,-1.074801802635192871e+00,-1.116164803504943848e+00,3.028535544872283936e-01,-4.393626153469085693e-01,-1.637689590454101562e+00,4.685244858264923096e-01,3.695440590381622314e-01
-6.118959188461303711e-01,1.254270911216735840e+00,-7.555098533630371094e-01,-1.118086338043212891e+00,-3.698655664920806885e-01,1.405043601989746094e-01,-5.154494047164916992e-01,-8.290669322013854980e-01,-1.746721416711807251e-01,-9.839825630187988281e-01
1.648373752832412720e-01,-7.873222231864929199e-01,2.974081039428710938e-01,1.613727807998657227e+00,2.354630678892135620e-01,-3.394767761230468750e+00,-1.577067494392395020e+00,-9.397442936897277832e-01,1.039918541908264160e+00,-3.469268325716257095e-03
-1.940148353576660156e+00,-2.376479387283325195e+00,-1.316214323043823242e+00,-5.689023137092590332e-01,1.267830491065979004e+00,-1.777835607528686523e+00,-2.156163901090621948e-01,1.149857282638549805e+00,-8.730780482292175293e-01,1.119727253913879395e+00
-8.911225795745849609e-01,-2.474769949913024902e-01,-9.062497019767761230e-01,3.930927515029907227e-01,-7.045235037803649902e-01,-2.110233753919601440e-01,-2.945735454559326172e+00,1.719248056411743164e+00,-3.760895729064941406e-01,-2.808033227920532227e-01
9.278242588043212891e-01,6.066367626190185547e-01,-1.537191987037658691e+00,8.188306093215942383e-01,-1.492126345634460449e+00,2.411711454391479492e+00,-1.121570348739624023e+00,-3.763931989669799805e-01,1.092424541711807251e-01,-1.715554356575012207e+00
3.235744714736938477e+00,-8.240662217140197754e-01,-1.422512531280517578e+00,-9.465920329093933105e-01,-4.363998413085937500e+00,9.033164381980895996e-01,-2.249880313873291016e+00,1.561511039733886719e+00,1.551511883735656738e+00,-1.119642496109008789e+00
-3.625054359436035156e-01,-9.501822590827941895e-01,1.208926916122436523e+00,-3.567005991935729980e-01,1.465740799903869629e+00,-1.582703351974487305e+00,-6.075797677040100098e-01,-3.925611823797225952e-02,3.709313273429870605e-01,1.041812300682067871e+00
-2.240361452102661133e+00,9.004262685775756836e-01,1.485921025276184082e+00,3.211463928222656250e+00,1.994291663169860840e+00,-1.710406899452209473e+00,-1.395928144454956055e+00,1.781677961349487305e+00,1.296613931655883789e+00,7.164531350135803223e-01
-1.630198597908020020e+00,4.351937770843505859e-01,-3.111945390701293945e-01,-1.736012816429138184e+00,-5.237275362014770508e-01,1.904827713966369629e+00,2.537205457687377930e+00,-1.794878482818603516e+00,5.982376933097839355e-01,-1.465791463851928711e-01
1.745077252388000488e+00,2.858944237232208252e-01,9.679681062698364258e-01,-1.436706900596618652e+00,-2.337067842483520508e+00,1.965493798255920410e+00,-2.381862878799438477e+00,2.776365756988525391e+00,5.215018391609191895e-01,-3.028609514236450195e+00
1.015614390373229980e+00,3.075595140457153320e+00,-1.753796041011810303e-01,-1.117257595062255859e+00,1.969742298126220703e+00,-7.297062873840332031e-01,2.039849907159805298e-01,-1.310026794672012329e-01,-1.450701475143432617e+00,-2.307683467864990234e+00
-5.726186037063598633e-01,5.682188868522644043e-01,1.117299914360046387e+00,-3.265412747859954834e-01,-3.159921765327453613e-01,7.999753355979919434e-01,-1.419339060783386230e+00,-1.906126618385314941e+00,-2.877818107604980469e+00,1.307531118392944336e+00
-1.088796257972717285e+00,-7.464121282100677490e-02,-2.989379763603210449e-01,-2.654796540737152100e-01,4.824148416519165039e-01,8.525460958480834961e-01,-4.116192758083343506e-01,3.450580239295959473e-01,-3.035656213760375977e-01,2.915943264961242676e-01
-3.513359278440475464e-02,8.988882899284362793e-01,1.047247648239135742e-01,-1.210454583168029785e+00,1.406030178070068359e+00,1.457097381353378296e-01,1.206823348999023438e+00,-3.902122005820274353e-02,-1.295156598091125488e+00,-1.048584938049316406e+00
7.075628638267517090e-01,1.494448781013488770e-01,2.175662994384765625e+00,-5.943552255630493164e-01,-8.884907960891723633e-01,-3.683025538921356201e-01,1.527997970581054688e+00,-8.004289865493774414e-01,1.037808656692504883e+00,-1.695928215980529785e+00
-3.642010986804962158e-01,-1.662846088409423828e+00,8.653455376625061035e-01,6.026160717010498047e-01,-3.362000703811645508e+00,-1.058072447776794434e+00,-1.444478392601013184e+00,-1.819725036621093750e+00,-2.574882805347442627e-01,1.008009076118469238e+00
-1.810835897922515869e-01,-1.384765863418579102e+00,-8.738451600074768066e-01,-8.967882394790649414e-01,-1.628162503242492676e+00,3.157226145267486572e-01,1.185678362846374512e+00,-4.598186314105987549e-01,2.848638892173767090e-01,-1.062962412834167480e+00
-9.886204600334167480e-01,1.187314629554748535e+00,1.636751055717468262e+00,1.174869418144226074e+00,-1.974115818738937378e-01,6.168473958969116211e-01,-1.860871553421020508e+00,-1.400539465248584747e-02,2.368388622999191284e-01,1.393633365631103516e+00
-1.151572465896606445e+00,1.296668052673339844e+00,6.194848418235778809e-01,-3.294414877891540527e-01,3.215417861938476562e-01,-6.972809433937072754e-01,6.908088922500610352e-01,-6.001284718513488770e-01,1.673301815986633301e+00,5.598940253257751465e-01
-3.514768183231353760e-01,1.426812648773193359e+00,6.780474185943603516e-01,8.986350297927856445e-01,3.199645578861236572e-01,-2.727568745613098145e-01,-1.726899981498718262e+00,6.051969900727272034e-02,-3.244816958904266357e-01,2.336155027151107788e-01
-3.187489986419677734e+00,-5.889872908592224121e-01,1.806672692298889160e+00,-1.778356432914733887e+00,1.664047390222549438e-01,1.474550247192382812e+00,7.043308019638061523e-01,-1.222097039222717285e+00,-2.042572021484375000e+00,8.435791730880737305e-02
-9.052261114120483398e-01,-5.683358758687973022e-02,-3.075045347213745117e-01,-5.325390696525573730e-01,-1.634073734283447266e+00,1.214195251464843750e+00,-1.292084813117980957e+00,6.197543144226074219e-01,-6.604144815355539322e-03,-9.480624794960021973e-01
9.543394446372985840e-01,-8.270831704139709473e-01,2.973162569105625153e-02,-4.089222550392150879e-01,1.276396155357360840e+00,4.609197974205017090e-01,4.955197572708129883e-01,4.714383184909820557e-01,1.657503396272659302e-01,-1.499151736497879028e-01
7.810634374618530273e-01,-2.094059586524963379e-01,5.489445924758911133e-01,-1.801259875297546387e+00,3.065360188484191895e-01,-1.175278067588806152e+00,-5.603539347648620605e-01,-1.164841175079345703e+00,7.114136815071105957e-01,-5.188311934471130371e-01
7.026324514299631119e-03,-8.941605091094970703e-01,1.254667758941650391e+00,7.185993194580078125e-01,-1.423135161399841309e+00,9.053964614868164062e-01,1.305460333824157715e+00,-4.744261503219604492e-01,6.578201651573181152e-01,1.480567336082458496e+00
5.802921652793884277e-01,-1.627475976943969727e+00,-1.365522980690002441e+00,-1.048771381378173828e+00,-1.545959353446960449e+00,1.589239001274108887e+00,3.826481103897094727e-01,-2.133395820856094360e-01,1.152049303054809570e+00,1.657285213470458984e+00
-1.357528613880276680e-03,-5.373016595840454102e-01,-5.748215913772583008e-01,3.576728701591491699e-01,-1.483412742614746094e+00,1.836048722267150879e+00,4.010605812072753906e-01,-1.040876358747482300e-01,-7.323119789361953735e-02,1.635816693305969238e+00
-1.016724824905395508e+00,-2.184584856033325195e+00,-1.676211833953857422e+00,-7.980110645294189453e-01,1.230191826820373535e+00,6.782782673835754395e-01,4.079127907752990723e-01,-1.499623358249664307e-01,7.256196737289428711e-01,-1.913758218288421631e-01
1.359720826148986816e+00,4.336578771471977234e-02,5.986028313636779785e-01,1.328433513641357422e+00,1.558568775653839111e-01,-1.538033008575439453e+00,-2.253083944320678711e+00,2.456072092056274414e+00,-7.607486844062805176e-01,1.388906955718994141e+00
-9.457402229309082031e-01,-1.488893866539001465e+00,-1.548482298851013184e+00,5.142459869384765625e-01,1.358468174934387207e+00,1.421556621789932251e-01,-2.056346982717514038e-01,2.470954805612564087e-01,8.254946023225784302e-02,-1.821481108665466309e+00
-1.838665843009948730e+00,-1.668640255928039551e+00,-9.772669672966003418e-01,2.053514420986175537e-01,-4.247052967548370361e-01,3.310630321502685547e+00,6.471404433250427246e-01,1.978837490081787109e+00,1.097400069236755371e+00,-9.957641959190368652e-01
-3.473036289215087891e-01,1.025923490524291992e+00,4.749957025051116943e-01,-2.349119663238525391e+00,7.428154349327087402e-01,-4.508410990238189697e-01,5.951425433158874512e-01,-4.192410111427307129e-01,1.317741751670837402e+00,-2.816092491149902344e+00
1.317912787199020386e-01,7.718344926834106445e-01,-1.674997329711914062e+00,1.305319070816040039e+00,-6.888200044631958008e-01,4.626191854476928711e-01,-1.324428617954254150e-01,2.461109124124050140e-02,1.761813163757324219e+00,2.248422861099243164e+00
9.982373714447021484e-01,1.543296873569488525e-01,-1.907541036605834961e+00,-4.805206060409545898e-01,-5.588315129280090332e-01,6.379954218864440918e-01,3.177654743194580078e-01,-3.147075653076171875e+00,1.827955365180969238e+00,2.729061245918273926e-01
-1.865252375602722168e+00,2.196966171264648438e+00,-2.940765321254730225e-01,-2.161512613296508789e+00,1.615211009979248047e+00,-1.650769710540771484e+00,-5.230255126953125000e-01,2.157936811447143555e+00,-4.609220623970031738e-01,-9.305596351623535156e-01
-4.830524027347564697e-01,7.908874750137329102e-01,-6.156509518623352051e-01,9.767068028450012207e-01,1.747060894966125488e+00,2.183646261692047119e-01,2.100730895996093750e+00,1.999553799629211426e+00,-9.723672866821289062e-01,-3.042078733444213867e+00
-1.894154995679855347e-01,-5.801863968372344971e-02,3.164940834045410156e+00,-1.377571970224380493e-01,-9.615108370780944824e-01,-1.352227479219436646e-01,4.578789472579956055e-01,6.455744504928588867e-01,4.387691617012023926e-01,-8.319286704063415527e-01
1.507694005966186523e+00,9.562395513057708740e-02,1.038384079933166504e+00,1.665891766548156738e+00,1.364664584398269653e-01,-7.193230390548706055e-01,-1.250122904777526855e+00,-1.119260072708129883e+00,-4.599664807319641113e-01,-5.010136961936950684e-01
4.279598593711853027e-02,-9.436312913894653320e-01,2.071485996246337891e+00,3.192620277404785156e-01,-1.306057095527648926e+00,-7.937153577804565430e-01,-1.142440915107727051e+00,1.802237033843994141e+00,-6.144559979438781738e-01,2.025309562683105469e+00
-1.547335982322692871e+00,-1.318240523338317871e+00,-1.105982661247253418e+00,5.950489044189453125e-01,-1.838374435901641846e-01,1.037785768508911133e+00,2.958451986312866211e+00,-1.008966565132141113e+00,-1.061831831932067871e+00,-5.302289873361587524e-02
1.538055300712585449e+00,9.765707850456237793e-01,-3.661231696605682373e-01,2.023724794387817383e+00,-8.589677810668945312e-01,-2.723079323768615723e-01,8.445891141891479492e-01,-7.637445330619812012e-01,1.228227615356445312e+00,2.045319080352783203e+00
9.768983721733093262e-01,-8.762069344520568848e-01,-1.043352961540222168e+00,3.488619327545166016e-01,6.338306665420532227e-01,-1.006599366664886475e-01,8.381948471069335938e-01,6.191156506538391113e-01,-2.144027948379516602e-01,1.477490782737731934e+00
2.429534941911697388e-01,4.449418187141418457e-02,5.045696496963500977e-01,1.031181335449218750e+00,-6.432371735572814941e-01,-7.003600001335144043e-01,-6.066761612892150879e-01,1.218015432357788086e+00,-1.536632657051086426e+00,-1.545881032943725586e+00
6.411886811256408691e-01,-1.225844383239746094e+00,-7.445228099822998047e-01,1.677994370460510254e+00,-6.963604688644409180e-01,7.583876252174377441e-01,-3.084288597106933594e+00,1.461514234542846680e+00,-6.145341992378234863e-01,-4.363415539264678955e-01
-6.345965713262557983e-02,9.974408149719238281e-01,-7.866941094398498535e-01,-5.323871374130249023e-01,4.491229057312011719e-01,-7.529220730066299438e-02,-7.269504666328430176e-01,7.562070488929748535e-01,3.349475264549255371e-01,-2.413686513900756836e+00
-2.143786430358886719e+00,-1.636437773704528809e+00,-4.981223493814468384e-02,1.505718827247619629e+00,-2.190265178680419922e+00,1.444782316684722900e-01,-6.671240329742431641e-01,2.675868749618530273e+00,1.717166066169738770e+00,-6.206096410751342773e-01
5.075482651591300964e-02,-1.645483970642089844e+00,-2.154510617256164551e-01,-1.023148417472839355e+00,7.216224074363708496e-01,-1.480617284774780273e+00,-1.327322006225585938e+00,-5.427632927894592285e-01,4.497626423835754395e-01,5.476861447095870972e-02
6.449587941169738770e-01,9.831030964851379395e-01,1.035539627075195312e+00,-5.440807938575744629e-01,5.838136672973632812e-01,1.037690877914428711e+00,1.760427832603454590e+00,-6.319887638092041016e-01,3.009506165981292725e-01,1.450929939746856689e-01
-1.757179021835327148e+00,2.259927034378051758e+00,1.930521726608276367e+00,-1.510860681533813477e+00,1.283567070960998535e+00,1.559092164039611816e+00,-2.203521579504013062e-01,1.307179450988769531e+00,-2.429933547973632812e+00,1.768486797809600830e-01
-2.551959991455078125e+00,-5.484971404075622559e-01,1.075927376747131348e+00,1.594294190406799316e+00,-1.539177536964416504e+00,1.814148068428039551e+00,-5.172683596611022949e-01,6.797276735305786133e-01,-2.214183092117309570e+00,6.411134600639343262e-01
2.595368385314941406e+00,4.504505395889282227e-01,2.516709864139556885e-01,5.393527746200561523e-01,-1.636754162609577179e-02,8.581557869911193848e-01,-1.719618558883666992e+00,1.542155504226684570e+00,-4.618664085865020752e-01,7.457304596900939941e-01
-4.979491978883743286e-02,-1.690250277519226074e+00,-1.401944518089294434e+00,8.214940875768661499e-02,1.128522276878356934e+00,1.221824169158935547e+00,4.457879960536956787e-01,-5.877810120582580566e-01,2.871834039688110352e-01,1.375233650207519531e+00
-8.493291735649108887e-01,2.046718150377273560e-01,-2.875481843948364258e-01,-1.070174455642700195e+00,1.113134264945983887e+00,-1.743768453598022461e+00,5.990049839019775391e-01,8.931704163551330566e-01,2.855980396270751953e-01,-3.119682967662811279e-01
8.034911155700683594e-01,-1.519644379615783691e+00,2.641227722167968750e+00,-5.508799552917480469e-01,-1.309449195861816406e+00,1.599194526672363281e+00,2.338914871215820312e-01,-2.213001251220703125e+00,4.391796588897705078e-01,-1.184643387794494629e+00
-2.790159463882446289e+00,1.253136992454528809e+00,-4.203858375549316406e-01,-4.639301300048828125e-01,1.932535529136657715e+00,9.680500626564025879e-01,-2.561618089675903320e+00,-2.056084632873535156e+00,-2.295034646987915039e+00,1.504962205886840820e+00
-4.955485761165618896e-01,2.790030479431152344e+00,-4.155345559120178223e-01,1.388495713472366333e-01,-1.883770585060119629e+00,4.678912758827209473e-01,-2.165528774261474609e+00,1.121227025985717773e+00,1.043908476829528809e+00,-4.999648332595825195e-01
7.418683171272277832e-01,-2.506361246109008789e+00,-3.681809902191162109e-01,9.282125234603881836e-01,-8.903127908706665039e-01,6.058555245399475098e-01,2.012345790863037109e+00,6.260189414024353027e-01,-1.224829196929931641e+00,1.940848082304000854e-01
-3.639432489871978760e-01,1.957191109657287598e+00,-6.073077321052551270e-01,1.243602991104125977e+00,-6.595158576965332031e-01,6.633996367454528809e-01,-2.988116443157196045e-01,1.619063735008239746e+00,-9.613220095634460449e-01,-2.129817605018615723e-01
-2.916783988475799561e-01,1.796440958976745605e+00,4.823572933673858643e-01,-7.717080712318420410e-01,1.910420507192611694e-02,-2.990899384021759033e-01,9.213539958000183105e-01,-1.271652340888977051e+00,-1.037156701087951660e+00,1.377368330955505371e+00
-7.016198635101318359e-01,-1.481880843639373779e-01,5.486395955085754395e-01,8.740164041519165039e-01,1.738381505012512207e+00,-1.931569933891296387e+00,-6.469247341156005859e-01,-6.951025128364562988e-01,-9.961588382720947266e-01,-1.554589748382568359e+00
-4.936217367649078369e-01,-2.299356460571289062e+00,-5.625563263893127441e-01,9.213191866874694824e-01,-2.391663342714309692e-01,-6.125601530075073242e-01,-2.015604972839355469e+00,1.291026473045349121e-01,9.936642646789550781e-01,-5.387646555900573730e-01
-5.541699528694152832e-01,1.494079470634460449e+00,-1.796157836914062500e+00,2.098546326160430908e-01,-1.069928646087646484e+00,-4.990982636809349060e-02,-6.185097694396972656e-01,1.945454120635986328e+00,1.659089207649230957e+00,1.128064513206481934e+00
1.275385618209838867e+00,1.456324577331542969e+00,-4.312601089477539062e-01,-2.548030912876129150e-01,-5.517983436584472656e-01,3.789477646350860596e-01,-1.717454314231872559e+00,5.505073070526123047e-01,-2.389848977327346802e-01,2.336601465940475464e-01
-1.643953323364257812e+00,1.646874070167541504e+00,6.114851832389831543e-01,-4.783691763877868652e-01,-9.589593410491943359e-01,-3.236997127532958984e-01,8.357314020395278931e-02,-1.340322256088256836e+00,-4.223106801509857178e-01,6.698881983757019043e-01
-2.669710636138916016e+00,-2.835328817367553711e+00,1.112159490585327148e+00,1.311933279037475586e+00,1.094270229339599609e+00,-6.025711297988891602e-01,-3.015254497528076172e+00,-1.964846849441528320e-01,-4.090957641601562500e-01,1.020188331604003906e+00
-4.346938133239746094e-01,1.084264636039733887e+00,-1.469032526016235352e+00,-6.433797478675842285e-01,1.738138049840927124e-01,-1.410386800765991211e+00,-2.558921575546264648e+00,3.018579483032226562e-01,-2.664303779602050781e+00,2.697479009628295898e+00
-1.299624681472778320e+00,2.261182107031345367e-02,8.738952279090881348e-01,-2.044258594512939453e+00,1.037110328674316406e+00,6.753121018409729004e-01,-1.537114143371582031e+00,-1.103800058364868164e+00,5.874437689781188965e-01,5.802177786827087402e-01
-1.013615489006042480e+00,-1.061918735504150391e-01,-6.569532752037048340e-01,9.009501934051513672e-01,-3.669299602508544922e+00,6.354204565286636353e-02,-4.749687016010284424e-01,1.445984393358230591e-01,7.084167599678039551e-01,2.888376079499721527e-02
1.990725398063659668e+00,-3.608106076717376709e-01,-5.095055103302001953e-01,1.919438600540161133e+00,-5.631266236305236816e-01,1.113830208778381348e+00,-2.398300409317016602e+00,4.282930195331573486e-01,-1.465556740760803223e+00,1.095826625823974609e+00
9.499865770339965820e-01,-1.243656277656555176e+00,-9.117718935012817383e-01,-1.251626849174499512e+00,1.774538278579711914e+00,1.639290213584899902e+00,6.533103585243225098e-01,3.219120025634765625e+00,3.226679265499114990e-01,-8.323100209236145020e-01
-5.360599234700202942e-02,8.068501353263854980e-01,-1.273713946342468262e+00,-7.880669236183166504e-01,6.584876775741577148e-01,3.842390477657318115e-01,1.632398366928100586e+00,3.006979227066040039e-01,-1.107678413391113281e+00,-1.119628548622131348e+00
8.073957264423370361e-02,-4.893639683723449707e-01,1.055318951606750488e+00,-1.638172745704650879e+00,9.462155103683471680e-01,-2.145245313644409180e+00,2.350325584411621094e-01,7.960404753684997559e-01,5.643239021301269531e-01,-1.696920514106750488e+00
2.469464391469955444e-01,3.032176733016967773e+00,2.164237022399902344e+00,-1.183410167694091797e+00,-4.838294088840484619e-01,-1.747763037681579590e+00,2.029996871948242188e+00,-1.855912357568740845e-01,1.026764392852783203e+00,-2.158368825912475586e+00
-2.444967508316040039e+00,2.220082879066467285e-01,8.387115001678466797e-01,-1.184707164764404297e+00,1.376517415046691895e-01,-4.062387943267822266e+00,1.399426341056823730e+00,8.912844657897949219e-01,4.028656482696533203e-01,-9.552473425865173340e-01
4.287078678607940674e-01,2.943300306797027588e-01,-2.414512872695922852e+00,-9.908485412597656250e-01,1.048142015933990479e-01,3.743408620357513428e-01,9.984490275382995605e-01,-2.534657001495361328e+00,-3.128689527511596680e+00,-1.919642329216003418e+00
-5.039448142051696777e-01,7.332100272178649902e-01,2.198327332735061646e-01,-1.826940327882766724e-01,-1.866813540458679199e+00,1.735992193222045898e+00,-1.837684027850627899e-02,4.336575865745544434e-01,9.618107676506042480e-01,2.060531139373779297e+00
-1.340141534805297852e+00,3.915964663028717041e-01,-3.127682805061340332e-01,9.997357726097106934e-01,-1.862368941307067871e+00,1.800146251916885376e-01,-6.427665948867797852e-01,-2.465997487306594849e-01,-5.679708719253540039e-01,-8.716860413551330566e-01
-2.809969186782836914e+00,7.458675652742385864e-02,-7.985481023788452148e-01,1.005984067916870117e+00,-1.576731503009796143e-01,7.718009352684020996e-01,-2.087479352951049805e+00,-8.262217640876770020e-01,-1.221858188509941101e-01,4.029911458492279053e-01
1.885066747665405273e+00,-2.855175256729125977e+00,-4.064483940601348877e-01,-2.039300918579101562e+00,4.281885027885437012e-01,-1.114101767539978027e+00,-5.994299054145812988e-01,-2.189386844635009766e+00,-5.281684398651123047e-01,2.286717176437377930e+00
4.966814219951629639e-01,-1.756874084472656250e+00,2.445665836334228516e+00,-1.099485233426094055e-01,-1.039383530616760254e+00,8.681266307830810547e-01,-1.321833848953247070e+00,-5.347192883491516113e-01,1.755973339080810547e+00,3.088950216770172119e-01
1.510399937629699707e+00,1.929475925862789154e-02,1.799564599990844727e+00,-5.296854376792907715e-01,-4.518182873725891113e-01,-1.448858380317687988e+00,-6.124083399772644043e-01,8.726695775985717773e-01,-2.703788876533508301e-01,4.065619036555290222e-02
5.919141769409179688e-01,5.131203532218933105e-01,-7.396585941314697266e-01,-2.035307645797729492e+00,1.519260287284851074e+00,-5.307186767458915710e-02,2.467191219329833984e-01,-8.270162940025329590e-01,-2.760739326477050781e-01,7.625362873077392578e-01
-1.403363227844238281e+00,-4.805450141429901123e-01,-7.902868092060089111e-02,4.675890505313873291e-01,-5.935888290405273438e-01,7.145925164222717285e-01,-3.640179157257080078e+00,7.506133913993835449e-01,1.474933743476867676e+00,6.528261303901672363e-01
-2.924613356590270996e-01,-5.336587876081466675e-02,6.996820867061614990e-02,-5.096345543861389160e-01,1.481550163589417934e-03,4.211752414703369141e-01,9.275281429290771484e-01,-1.568417809903621674e-02,-1.894553303718566895e-01,-8.967235684394836426e-01
-1.036058306694030762e+00,4.128634333610534668e-01,4.799355268478393555e-01,3.265132665634155273e+00,1.413446068763732910e+00,6.366784572601318359e-01,-1.475637793540954590e+00,1.865555524826049805e+00,-1.023118019104003906e+00,-1.897726893424987793e+00
-4.352613091468811035e-01,-1.832949556410312653e-02,4.857714772224426270e-01,1.729568094015121460e-01,-1.266609668731689453e+00,-7.304167151451110840e-01,-5.604399442672729492e-01,-8.019769191741943359e-01,6.112583875656127930e-01,-2.725041627883911133e+00
1.498588800430297852e+00,-3.642241954803466797e-01,-1.108039975166320801e+00,1.386658310890197754e+00,7.827192544937133789e-01,1.410345554351806641e+00,-1.769245266914367676e+00,1.985755413770675659e-01,-3.337520062923431396e-01,4.869960248470306396e-01
-1.379053443670272827e-01,-1.062546253204345703e+00,1.661107659339904785e+00,2.310966491699218750e+00,-2.177344322204589844e+00,-1.304941892623901367e+00,-1.816072702407836914e+00,2.747135639190673828e+00,-9.461237788200378418e-01,-3.774507761001586914e+00
1.211283579468727112e-01,-2.757081687450408936e-01,1.607696890830993652e+00,-4.621280133724212646e-01,1.294243454933166504e+00,4.670777916908264160e-01,4.486612975597381592e-01,3.967121541500091553e-01,-5.687675476074218750e-01,-7.925945520401000977e-01
7.512533068656921387e-01,4.960006475448608398e-01,4.100513756275177002e-01,-1.628786802291870117e+00,1.820269107818603516e+00,5.118040367960929871e-02,-1.059437394142150879e-01,7.580785751342773438e-01,4.902532994747161865e-01,4.659916162490844727e-01
-3.336442232131958008e+00,-6.012061238288879395e-02,-3.643479824066162109e+00,-2.513262987136840820e+00,1.867488741874694824e+00,-5.101110786199569702e-02,-5.345575213432312012e-01,2.038167476654052734e+00,-1.803732752799987793e+00,6.615421175956726074e-01
1.235317111015319824e+00,-7.733869552612304688e-01,-9.938950538635253906e-01,-9.429464936256408691e-01,1.956918835639953613e-01,2.138275146484375000e+00,1.225641965866088867e+00,-1.360640764236450195e+00,-3.860334157943725586e-01,2.046144962310791016e+00
7.437204122543334961e-01,1.125971525907516479e-01,-1.709474682807922363e+00,-5.876694992184638977e-02,1.656575441360473633e+00,-2.339700162410736084e-01,3.681765794754028320e-01,-1.982893466949462891e+00,-1.708594262599945068e-01,-1.768052816390991211e+00
-4.773974791169166565e-02,1.543394088745117188e+00,-9.820857644081115723e-01,1.101759597659111023e-01,1.424515724182128906e+00,-4.617962539196014404e-01,1.526140809059143066e+00,-7.842735946178436279e-02,1.694650948047637939e-01,-1.795395970344543457e+00
-4.024278521537780762e-01,6.264578700065612793e-01,2.755279839038848877e-01,8.509218692779541016e-01,-3.617943525314331055e-01,-9.394329190254211426e-01,-7.950385212898254395e-01,1.332202196121215820e+00,-3.996454775333404541e-01,1.680549860000610352e+00
1.551895380020141602e+00,-7.841905355453491211e-01,1.194455742835998535e+00,-3.315591335296630859e+00,-3.629172086715698242e+00,3.177766561508178711e+00,1.307311207056045532e-01,1.888528704643249512e+00,-2.817305326461791992e+00,-1.205933570861816406e+00
-2.979529857635498047e+00,-1.786329746246337891e-01,6.905048489570617676e-01,1.205143213272094727e+00,8.803418278694152832e-01,1.672607213258743286e-01,-2.006460666656494141e+00,-5.395283102989196777e-01,6.407950818538665771e-02,-2.465265244245529175e-01
2.179276227951049805e+00,7.991757988929748535e-01,-3.633067309856414795e-01,-5.063923001289367676e-01,-7.345980405807495117e-01,-1.128403544425964355e+00,4.047506153583526611e-01,-4.353408217430114746e-01,3.291898667812347412e-01,7.510328888893127441e-01
1.114645957946777344e+00,1.180003643035888672e+00,5.954450964927673340e-01,8.309820294380187988e-01,1.475973725318908691e-01,9.956062436103820801e-01,3.324903547763824463e-01,-1.061123013496398926e+00,-1.148522943258285522e-01,-1.564383983612060547e+00
9.191343784332275391e-01,3.585460484027862549e-01,-8.550447821617126465e-01,-1.642865419387817383e+00,-2.786292433738708496e-01,-9.262467026710510254e-01,-1.019340753555297852e-01,-6.142214536666870117e-01,-8.850814104080200195e-01,3.351005017757415771e-01
-6.291229128837585449e-01,-3.368942022323608398e+00,1.666842579841613770e+00,2.535616874694824219e+00,1.050044059753417969e+00,-2.135596573352813721e-01,-1.515974283218383789e+00,-7.124821543693542480e-01,3.506970882415771484e+00,7.818634510040283203e-01
1.055115368217229843e-02,1.069504022598266602e+00,4.109643995761871338e-01,-4.589026421308517456e-02,-3.949431180953979492e-01,1.498831212520599365e-01,7.257082965224981308e-03,3.555575609207153320e-01,-7.011015713214874268e-02,2.142053395509719849e-01
-7.676562070846557617e-01,-1.531535834074020386e-01,5.364059805870056152e-01,-1.475116014480590820e-01,2.183795273303985596e-01,1.048114672303199768e-01,-1.576732516288757324e+00,4.902105629444122314e-01,-5.582185387611389160e-01,2.842596054077148438e+00
4.383651912212371826e-01,-5.417562723159790039e-01,8.143141865730285645e-01,-6.388384699821472168e-01,2.665060281753540039e+00,-1.711436748504638672e+00,1.356086134910583496e+00,-8.115397691726684570e-01,-9.505744576454162598e-01,7.572115063667297363e-01
-2.841878533363342285e-01,1.069004416465759277e+00,3.788781762123107910e-01,4.296665191650390625e-01,9.895480871200561523e-01,2.883488833904266357e-01,6.033371090888977051e-01,1.270294070243835449e+00,1.274033665657043457e+00,5.425475239753723145e-01
-2.131401300430297852e+00,9.172707796096801758e-01,1.165614873170852661e-01,-1.696508675813674927e-01,-1.061224341392517090e+00,-8.193472772836685181e-02,3.079580664634704590e-01,2.693888247013092041e-01,1.058611989021301270e+00,-4.533711969852447510e-01
1.502654701471328735e-01,-1.835616469383239746e+00,-8.218603581190109253e-02,2.019198894500732422e+00,-1.860365271568298340e-02,5.643978118896484375e-01,-4.805752336978912354e-01,1.058779954910278320e+00,5.299382284283638000e-02,2.603201270103454590e-01
6.549925804138183594e-01,8.408222198486328125e-01,8.885943889617919922e-01,-9.865000247955322266e-01,-8.442856669425964355e-01,-3.540766239166259766e-02,8.127174973487854004e-01,1.920627832412719727e+00,-5.743829011917114258e-01,-1.373836040496826172e+00
-1.009998694062232971e-01,-2.187939167022705078e+00,-3.652263283729553223e-01,1.607078194618225098e+00,1.917554020881652832e+00,3.264200687408447266e-01,-1.605219393968582153e-01,-6.512483358383178711e-01,-2.815651297569274902e-01,1.108958244323730469e+00
1.149043679237365723e+00,-1.443597316741943359e+00,1.765597105026245117e+00,-9.762114286422729492e-01,4.745954871177673340e-01,-9.297209233045578003e-02,1.532965183258056641e+00,7.164440751075744629e-01,6.532435417175292969e-01,-5.863738059997558594e-01
9.876750707626342773e-01,-1.481570899486541748e-01,7.131110429763793945e-01,-9.399363398551940918e-02,4.607896208763122559e-01,-2.145097732543945312e+00,-1.817313551902770996e+00,-2.068396955728530884e-01,1.194778829813003540e-01,4.692661017179489136e-02
-1.519482374191284180e+00,1.130788087844848633e+00,-1.009477972984313965e+00,-6.081988811492919922e-01,-1.185564994812011719e-01,9.659062027931213379e-01,1.816756650805473328e-02,-5.868459343910217285e-01,-1.003384709358215332e+00,3.440470397472381592e-01
3.425480127334594727e-01,6.670192480087280273e-01,-1.740468859672546387e+00,9.217517971992492676e-01,9.591161608695983887e-01,1.320712447166442871e+00,6.457255035638809204e-02,8.827149868011474609e-01,-8.498235940933227539e-01,5.225672721862792969e-01
-1.124790072441101074e+00,-7.839955389499664307e-02,-2.687389850616455078e-01,1.373047232627868652e-01,1.092299595475196838e-01,3.404917195439338684e-02,-5.140706300735473633e-01,3.096981719136238098e-02,2.571380436420440674e-01,3.520655035972595215e-01
-7.898581624031066895e-01,-3.381820321083068848e-01,1.336740493774414062e+00,-8.909507989883422852e-01,-8.468535542488098145e-01,-2.946370840072631836e-01,-1.817459702491760254e+00,8.454480767250061035e-01,-2.605479024350643158e-02,-1.126684427261352539e+00
-1.177835345268249512e+00,-3.999240100383758545e-01,3.770436346530914307e-01,-8.083246350288391113e-01,8.404198884963989258e-01,-9.250158667564392090e-01,-8.018179982900619507e-02,-7.057226896286010742e-01,3.020843118429183960e-02,-5.184910893440246582e-01
2.232331752777099609e+00,-2.674341499805450439e-01,9.869038462638854980e-01,-2.246348142623901367e+00,1.152718067169189453e+00,-4.282689094543457031e-01,-1.759996056556701660e+00,1.427620768547058105e+00,-3.004584074020385742e+00,6.178119182586669922e-01
1.285511493682861328e+00,-1.834409832954406738e-01,-4.419391155242919922e-01,-3.640821695327758789e+00,9.752650856971740723e-01,1.145624160766601562e+00,9.551167488098144531e-01,1.407456755638122559e+00,8.051064014434814453e-01,2.059610843658447266e+00
1.238228321075439453e+00,-9.914100170135498047e-01,-8.070876002311706543e-01,1.114275217056274414e+00,-1.507019519805908203e+00,1.192851424217224121e+00,-7.089470624923706055e-01,7.549950480461120605e-01,-9.651546478271484375e-01,1.348942875862121582e+00
-1.404819607734680176e+00,7.089966535568237305e-01,9.259206652641296387e-01,-6.947625875473022461e-01,2.427624762058258057e-01,-5.579264461994171143e-02,-4.369936510920524597e-02,2.254460155963897705e-01,1.556602478027343750e+00,2.107049897313117981e-02
1.395613670349121094e+00,6.643022298812866211e-01,6.664239764213562012e-01,2.689647376537322998e-01,1.312803864479064941e+00,-2.587242126464843750e-01,-1.598401069641113281e-01,-1.393293499946594238e+00,5.015406012535095215e-01,9.039874076843261719e-01
1.657232940196990967e-01,-1.438690543174743652e+00,-5.068234205245971680e-01,1.324421286582946777e+00,-4.166134834289550781e+00,-2.331525683403015137e-01,-2.141103446483612061e-01,-9.353673458099365234e-01,1.482065796852111816e+00,1.429773449897766113e+00
1.409049630165100098e+00,6.837648153305053711e-01,-6.451610326766967773e-01,2.078741192817687988e-01,-3.230267763137817383e-01,-4.064143598079681396e-01,1.384747326374053955e-01,3.237560391426086426e-01,5.635313987731933594e-01,-1.579675674438476562e+00
1.334419727325439453e+00,9.753159880638122559e-01,2.210173755884170532e-01,2.961824238300323486e-01,1.654345512390136719e+00,-6.109479069709777832e-01,-3.626307249069213867e-01,2.515661120414733887e-01,-7.533130645751953125e-01,-3.688501358032226562e+00
1.077352404594421387e+00,6.903557181358337402e-01,-6.530504226684570312e-01,-2.542361021041870117e+00,1.911909203045070171e-04,-4.074036180973052979e-01,6.986353397369384766e-01,1.404774427413940430e+00,1.094929724931716919e-01,1.151771172881126404e-01
2.808955669403076172e+00,1.948444098234176636e-01,-1.564102768898010254e+00,-1.796318292617797852e+00,-1.293601870536804199e+00,-3.702971637248992920e-01,1.326586484909057617e+00,2.993819713592529297e+00,-8.346182703971862793e-01,-1.146910309791564941e+00
9.742521643638610840e-01,-2.717507362365722656e+00,-1.344489693641662598e+00,1.413255691528320312e+00,-1.664704918861389160e+00,8.057536482810974121e-01,-1.449213027954101562e+00,-3.085469961166381836e+00,1.512874513864517212e-01,-1.837769031524658203e+00
7.944179177284240723e-01,-1.396705657243728638e-01,-3.706277608871459961e-01,3.446674823760986328e+00,-1.643781512975692749e-01,5.444082021713256836e-01,3.017998337745666504e-01,2.356632649898529053e-01,1.400358557701110840e+00,-5.459544435143470764e-02
2.133205652236938477e+00,1.233422160148620605e+00,1.570355296134948730e+00,-8.482189178466796875e-01,-2.186284303665161133e+00,-1.604057073593139648e+00,3.932288289070129395e-01,-2.930261939764022827e-02,-4.733326435089111328e-01,-9.835299849510192871e-01
-2.822526171803474426e-02,-1.295201927423477173e-01,1.142906427383422852e+00,-9.611675739288330078e-01,1.309583067893981934e+00,8.900040984153747559e-01,-6.850392222404479980e-01,-6.733165383338928223e-01,1.641521692276000977e+00,-9.368182420730590820e-01
-2.809778153896331787e-01,-6.157407164573669434e-01,-1.546384572982788086e+00,-9.835930466651916504e-01,4.340371787548065186e-01,-1.393787145614624023e+00,6.100685000419616699e-01,2.338853359222412109e+00,-1.829496979713439941e+00,8.879348635673522949e-01
4.858528673648834229e-01,-4.536191523075103760e-01,-1.083698272705078125e+00,-2.854521572589874268e-02,-1.267927169799804688e+00,1.591022014617919922e-01,9.212874174118041992e-01,9.263231158256530762e-01,1.905471980571746826e-01,1.585063099861145020e+00
4.721202552318572998e-01,1.779843330383300781e+00,-1.518359899520874023e+00,4.085907042026519775e-01,1.971708536148071289e+00,8.104351758956909180e-01,1.099219441413879395e+00,2.570650577545166016e-01,-5.162386298179626465e-01,-5.768086910247802734e-01
-4.801360070705413818e-01,4.825378954410552979e-01,4.506111145019531250e-02,1.069191098213195801e+00,-6.897464394569396973e-01,1.212691187858581543e+00,-1.690306782722473145e+00,3.195269703865051270e-01,-6.534723639488220215e-01,-5.656450521200895309e-03
-7.079851627349853516e-02,-2.349724173545837402e-01,-3.783143758773803711e-01,-1.544606566429138184e+00,-6.976170837879180908e-02,-7.490743994712829590e-01,-1.523250222206115723e+00,1.000007033348083496e+00,-1.605550199747085571e-01,2.604894876480102539e+00
-1.719006597995758057e-01,-1.177134439349174500e-01,1.220763444900512695e+00,1.596184134483337402e+00,6.768957972526550293e-01,1.735589265823364258e+00,9.820832610130310059e-01,-1.109293222427368164e+00,-6.317001581192016602e-01,3.134414851665496826e-01
-2.163074254989624023e+00,8.441882133483886719e-01,-8.216016888618469238e-01,-1.289483010768890381e-01,-1.127800345420837402e+00,1.186402082443237305e+00,-1.359464377164840698e-01,-1.063804388046264648e+00,1.609241962432861328e+00,-2.242443561553955078e-01
7.894864678382873535e-01,1.107905745506286621e+00,-9.968631267547607422e-01,6.757055521011352539e-01,-2.256238222122192383e+00,1.869420647621154785e+00,5.637639164924621582e-01,1.480661034584045410e+00,1.915094614028930664e+00,-5.232781767845153809e-01
-2.762917280197143555e+00,-1.153506636619567871e+00,-1.515921903774142265e-03,5.056813359260559082e-01,-1.133636593818664551e+00,-8.651342391967773438e-01,-7.489723563194274902e-01,-1.045039653778076172e+00,-1.290584802627563477e+00,2.704181969165802002e-01
-2.152429580688476562e+00,-1.586310267448425293e+00,4.029751420021057129e-01,7.651203870773315430e-01,-1.749482512474060059e+00,-1.290105462074279785e+00,4.212408959865570068e-01,1.150435686111450195e+00,1.192721009254455566e+00,-3.993075788021087646e-01
-8.024750947952270508e-01,3.058833122253417969e+00,-2.958240509033203125e+00,-2.125063657760620117e+00,-2.738695144653320312e+00,1.059727907180786133e+00,1.474510788917541504e+00,-1.416671752929687500e+00,-1.086418747901916504e+00,1.913719892501831055e+00
-9.432374238967895508e-01,-1.052335858345031738e+00,-3.459153413772583008e+00,-8.626905083656311035e-01,-1.954300254583358765e-01,-7.241016030311584473e-01,1.654289007186889648e+00,-1.322200536727905273e+00,-1.536071747541427612e-01,1.779509544372558594e+00
1.805271953344345093e-01,2.395974397659301758e+00,-4.909972250461578369e-01,-2.315833091735839844e+00,1.221057772636413574e+00,6.118555665016174316e-01,5.598227977752685547e-01,2.183432225137948990e-03,-1.223514080047607422e+00,-4.718304872512817383e-01
5.742051601409912109e-01,8.368645310401916504e-01,9.148660898208618164e-01,-2.143653154373168945e+00,2.266466379165649414e+00,-6.321270465850830078e-01,-2.038078546524047852e+00,6.178413629531860352e-01,-6.681158542633056641e-01,8.984288573265075684e-01
2.431978940963745117e+00,3.657201826572418213e-01,5.061485767364501953e-01,-3.812618494033813477e+00,1.726066946983337402e+00,1.588752120733261108e-01,3.090384960174560547e+00,-1.515095114707946777e+00,-1.225584149360656738e+00,-4.273003578186035156e+00
-9.533479064702987671e-02,-4.290001839399337769e-02,1.620174169540405273e+00,-5.313882827758789062e-01,-1.016532778739929199e+00,-6.305693387985229492e-01,-3.385728597640991211e+00,-2.814789533615112305e+00,2.149271070957183838e-01,-3.086819350719451904e-01
-4.297314584255218506e-02,-1.264432191848754883e+00,-8.606544137001037598e-01,1.184587955474853516e+00,-6.185617446899414062e-01,3.626588284969329834e-01,-2.775898575782775879e-01,-1.297052621841430664e+00,1.516255021095275879e+00,1.468827575445175171e-01
8.498497605323791504e-01,2.798891365528106689e-01,1.543357133865356445e+00,5.451745986938476562e-01,-2.256921291351318359e+00,9.182550907135009766e-01,2.744336053729057312e-02,-1.349076390266418457e+00,5.374734997749328613e-01,-1.036866188049316406e+00
8.015608787536621094e-01,1.067306026816368103e-01,-2.458678245544433594e+00,-4.354477822780609131e-01,5.269603729248046875e-01,8.362472057342529297e-02,2.787584364414215088e-01,1.105155870318412781e-01,2.501657962799072266e+00,-1.725393831729888916e-01
-2.340896606445312500e+00,-1.902600884437561035e+00,9.484213590621948242e-01,-9.974297881126403809e-01,-2.815409183502197266e+00,2.414966821670532227e+00,4.646093249320983887e-01,1.465808510780334473e+00,1.414407640695571899e-01,-1.071880340576171875e+00
1.730908155441284180e+00,7.871203422546386719e-01,-2.692329406738281250e+00,-2.090746641159057617e+00,3.281965970993041992e+00,-2.364391565322875977e+00,-1.295846462249755859e+00,7.801485061645507812e-01,7.048089504241943359e-01,2.096882343292236328e+00
-2.431876420974731445e+00,-1.145616412162780762e+00,2.995803654193878174e-01,2.083827018737792969e+00,-2.809781789779663086e+00,-1.782368183135986328e+00,1.188184246420860291e-01,1.407354712486267090e+00,-1.100413560867309570e+00,-1.795502305030822754e+00
-1.099598646163940430e+00,2.087221108376979828e-02,-1.297906756401062012e+00,9.551708102226257324e-01,-7.264761924743652344e-01,4.553778469562530518e-01,1.117997527122497559e+00,-1.618489146232604980e+00,2.740176916122436523e-01,4.155785441398620605e-01
2.170705080032348633e+00,2.320531010627746582e-01,6.513865590095520020e-01,-1.161490678787231445e+00,-1.912091135978698730e+00,-2.013615608215332031e+00,-1.077346682548522949e+00,-7.751722335815429688e-01,6.936744451522827148e-01,-2.264224737882614136e-01
-1.473273992538452148e+00,4.127448052167892456e-02,-5.770007967948913574e-01,1.566931724548339844e+00,9.700699150562286377e-02,1.218640208244323730e+00,-3.904607892036437988e-01,5.864835381507873535e-01,-1.050636887550354004e+00,1.239769935607910156e+00
-1.587871193885803223e+00,8.103925585746765137e-01,2.952123880386352539e-01,7.928318977355957031e-01,-6.399363875389099121e-01,-8.394330739974975586e-02,-9.549044072628021240e-02,-4.797441959381103516e-01,-6.009859442710876465e-01,-2.500832676887512207e-01
1.511050820350646973e+00,2.909857988357543945e+00,1.139989733695983887e+00,1.807751655578613281e+00,-1.682186126708984375e+00,3.433825671672821045e-01,-4.440026581287384033e-01,8.162440061569213867e-01,-1.132113456726074219e+00,-3.878481090068817139e-01
1.173748731613159180e+00,2.216833829879760742e-01,9.009766578674316406e-01,3.120890855789184570e-01,-2.049116045236587524e-01,5.908350944519042969e-01,4.438778758049011230e-01,-1.193700551986694336e+00,-5.849376916885375977e-01,7.948141694068908691e-01
1.332551985979080200e-01,-7.301822304725646973e-01,1.342201352119445801e+00,-6.553658246994018555e-01,6.899942159652709961e-01,-3.901439905166625977e+00,-2.361692905426025391e+00,7.023070454597473145e-01,-1.652411103248596191e+00,-3.945525586605072021e-01
6.881681084632873535e-01,-1.130041480064392090e+00,-3.056458830833435059e-01,6.728730797767639160e-01,-8.443766832351684570e-01,3.687534332275390625e-01,1.068703055381774902e+00,7.634218335151672363e-01,-6.800793409347534180e-01,-2.636008977890014648e+00
-7.973241209983825684e-01,1.136206269264221191e+00,1.325550675392150879e+00,5.515890121459960938e-01,-2.120379686355590820e+00,1.817494988441467285e+00,-5.624586343765258789e-01,-1.342538118362426758e+00,5.371474623680114746e-01,-4.136343896389007568e-01
-5.711325407028198242e-01,-3.690149262547492981e-02,-8.581137657165527344e-01,-3.879425525665283203e+00,-2.648824214935302734e+00,2.780493259429931641e+00,2.214199304580688477e+00,-1.553245425224304199e+00,-2.463246107101440430e+00,-1.280820965766906738e+00
-1.279924750328063965e+00,9.758312106132507324e-01,1.727549552917480469e+00,2.333159446716308594e-01,7.033304125070571899e-02,-2.523889780044555664e+00,1.203301548957824707e+00,9.880320429801940918e-01,1.843829870223999023e+00,1.053720563650131226e-01
-2.927065789699554443e-01,2.037902832031250000e+00,2.201195359230041504e-01,1.455196022987365723e+00,2.194250345230102539e+00,-3.222283601760864258e+00,-5.714815258979797363e-01,-8.128542900085449219e-01,2.900532782077789307e-01,-5.859249234199523926e-01
-4.835904538631439209e-01,4.509486854076385498e-01,-1.790504336357116699e+00,-1.010893344879150391e+00,-7.587398588657379150e-02,1.257667541503906250e+00,1.034068942070007324e+00,6.524798274040222168e-01,-4.838817715644836426e-01,1.812331676483154297e-01
5.312232375144958496e-01,1.394427657127380371e+00,-2.222900867462158203e+00,2.946442365646362305e-01,1.223041772842407227e+00,3.638360202312469482e-01,1.228958725929260254e+00,1.031684637069702148e+00,-1.420222640037536621e+00,8.705735802650451660e-01
-1.330737829208374023e+00,-5.017285346984863281e-01,-7.439313530921936035e-01,-4.024574756622314453e-01,2.720827817916870117e+00,-1.615885972976684570e+00,1.016959786415100098e+00,1.647928118705749512e+00,-2.508650720119476318e-01,1.993971168994903564e-01
-5.485330820083618164e-01,6.000027060508728027e-01,6.307674646377563477e-01,7.028942108154296875e-01,-2.620871923863887787e-02,-2.314401417970657349e-01,-7.498694658279418945e-01,-9.933717846870422363e-01,1.447116732597351074e-01,5.020189881324768066e-01
1.845399737358093262e+00,-5.553933978080749512e-01,9.661843180656433105e-01,-1.431958913803100586e+00,9.646072387695312500e-01,-1.569506675004959106e-01,-2.143799781799316406e+00,3.148590922355651855e-01,-3.041122436523437500e+00,-3.445158600807189941e-01
2.396068572998046875e+00,1.676848232746124268e-01,1.220817089080810547e+00,1.144300341606140137e+00,-1.964956283569335938e+00,-8.712375164031982422e-01,1.904977411031723022e-01,-1.215965509414672852e+00,-6.119677424430847168e-01,-5.433374643325805664e-01
-1.196746945381164551e+00,-2.567108571529388428e-01,4.983599185943603516e-01,-4.587125480175018311e-01,-1.163506507873535156e+00,1.835245937108993530e-01,3.243136703968048096e-01,1.355908989906311035e+00,-1.126927852630615234e+00,3.206746578216552734e-01
-4.873151481151580811e-01,1.106882452964782715e+00,-6.383185386657714844e-01,6.027616858482360840e-01,-1.691022276878356934e+00,1.576902508735656738e+00,-1.569164544343948364e-01,-2.032698392868041992e+00,1.014200925827026367e+00,-3.819527328014373779e-01
-2.173159837722778320e+00,9.243700504302978516e-01,5.986606478691101074e-01,-1.583275198936462402e+00,3.025393724441528320e+00,1.802438616752624512e+00,1.132371202111244202e-01,8.638998270034790039e-01,-6.152764558792114258e-01,-7.774725556373596191e-01
8.048964738845825195e-01,-1.146667301654815674e-01,-9.945669174194335938e-01,6.573070287704467773e-01,-1.363374233245849609e+00,-3.907809965312480927e-03,-1.242800712585449219e+00,-2.451162576675415039e+00,1.260717868804931641e+00,1.370036005973815918e+00
-1.156527400016784668e+00,1.336876511573791504e+00,-2.143617868423461914e+00,-1.510596036911010742e+00,1.074630856513977051e+00,7.401825860142707825e-03,-7.784990668296813965e-01,-1.526480168104171753e-01,-1.546296924352645874e-01,-2.150763571262359619e-01
9.743208885192871094e-01,-2.567012608051300049e-01,-1.311980336904525757e-01,-3.298496007919311523e-01,-6.473636627197265625e-01,1.261872887611389160e+00,-1.285111069679260254e+00,-5.998237133026123047e-01,5.593532919883728027e-01,8.698491454124450684e-01
1.133116126060485840e+00,1.662452340126037598e+00,-1.347292959690093994e-01,2.965516149997711182e-01,1.026660084724426270e+00,4.282799363136291504e-01,-1.013738512992858887e-01,1.160122513771057129e+00,-1.203982066363096237e-02,1.028134226799011230e+00
-1.178774237632751465e+00,-6.058689951896667480e-01,1.625595837831497192e-01,3.959010541439056396e-01,4.960189163684844971e-01,-1.005670785903930664e+00,4.936084449291229248e-01,8.688722737133502960e-03,1.411756992340087891e+00,-6.274403333663940430e-01
-8.274678587913513184e-01,-1.951032876968383789e+00,-1.789165854454040527e+00,1.988489747047424316e+00,-4.242658317089080811e-01,9.614741206169128418e-01,-1.177761852741241455e-01,-7.053216099739074707e-01,3.326233625411987305e-01,-7.733190059661865234e-01
-2.767882823944091797e+00,-7.957071065902709961e-02,-1.292527198791503906e+00,-8.695126175880432129e-01,1.116592645645141602e+00,-2.960819518193602562e-03,5.944938063621520996e-01,4.558771848678588867e-01,-1.151419639587402344e+00,-1.698811531066894531e+00
1.626660972833633423e-01,-4.833602309226989746e-01,1.732631325721740723e+00,-1.625926375389099121e+00,-8.578212857246398926e-01,1.148055911064147949e+00,1.229287981986999512e+00,8.233730792999267578e-01,1.321185469627380371e+00,-1.955772638320922852e+00
1.781154155731201172e+00,1.895866155624389648e+00,2.223800420761108398e+00,4.469343721866607666e-01,-1.068874835968017578e+00,1.507567405700683594e+00,7.524015307426452637e-01,1.163541674613952637e+00,-2.423171281814575195e+00,-2.255666971206665039e+00
1.236685633659362793e+00,-1.088868267834186554e-02,1.932584881782531738e+00,2.239295542240142822e-01,6.978652477264404297e-01,-1.173627898097038269e-01,-1.090727686882019043e+00,-1.992403030395507812e+00,1.011881351470947266e+00,4.784918203949928284e-02
1.485311985015869141e-01,2.676512002944946289e+00,7.464434206485748291e-02,1.848459005355834961e+00,-2.558653831481933594e+00,-7.107717394828796387e-01,-6.082648634910583496e-01,1.180299162864685059e+00,-1.368736147880554199e+00,-2.277180850505828857e-01
-8.598350882530212402e-01,1.662959337234497070e+00,1.165499329566955566e+00,5.681998133659362793e-01,7.500188946723937988e-01,3.553457856178283691e-01,-6.310619711875915527e-01,1.310433745384216309e-01,1.029716730117797852e+00,-4.470398128032684326e-01
1.339956998825073242e+00,-5.414169430732727051e-01,-2.884952425956726074e-01,-2.022055149078369141e+00,1.365352511405944824e+00,1.173061966896057129e+00,1.187478899955749512e+00,-1.834849476814270020e+00,1.574958682060241699e+00,-9.858456850051879883e-01
5.254076123237609863e-01,1.657345518469810486e-02,8.387610912322998047e-01,4.737965017557144165e-02,-8.275938630104064941e-01,3.819730579853057861e-01,-6.444396972656250000e-01,1.918304115533828735e-01,-6.663901209831237793e-01,-7.338502407073974609e-01
-9.494599699974060059e-01,-3.341056823730468750e+00,-3.560671210289001465e-01,-8.719771504402160645e-01,6.274546980857849121e-01,-1.366593390703201294e-01,1.190580368041992188e+00,-1.608822464942932129e+00,-3.699142634868621826e-01,1.926934272050857544e-01
4.299377202987670898e-01,-1.133087798953056335e-01,-2.619211912155151367e+00,1.124750256538391113e+00,-2.343007802963256836e+00,1.225873231887817383e+00,1.314034104347229004e+00,-3.875174522399902344e-01,-1.766917854547500610e-01,5.019080042839050293e-01
-2.093950808048248291e-01,-2.479565590620040894e-01,9.085097163915634155e-02,-3.146883100271224976e-02,-5.446498394012451172e-01,1.711035251617431641e+00,1.277217864990234375e+00,-6.636459827423095703e-01,3.102057576179504395e-01,-2.282235324382781982e-01
8.515592217445373535e-01,-1.480193257331848145e+00,-2.975449860095977783e-01,2.012026548385620117e+00,-4.454043507575988770e-01,1.396517038345336914e+00,1.394587159156799316e+00,-1.990288019180297852e+00,-9.917040355503559113e-03,1.080837488174438477e+00
1.995171308517456055e+00,-1.666044950485229492e+00,-1.431074142456054688e+00,-5.614687800407409668e-01,-4.230394661426544189e-01,4.763769209384918213e-01,8.388339281082153320e-01,1.150382876396179199e+00,3.153781890869140625e-01,-2.032118082046508789e+00
-3.830671310424804688e-02,3.580217063426971436e-01,-6.245032548904418945e-01,2.624770700931549072e-01,4.298001825809478760e-01,1.033535361289978027e+00,-1.204309582710266113e+00,-4.684943258762359619e-01,-5.407074689865112305e-01,-1.506594181060791016e+00
-2.486822843551635742e+00,9.014733433723449707e-01,-2.239189296960830688e-01,1.258513927459716797e+00,-1.863649249076843262e+00,6.564021706581115723e-01,-3.780000209808349609e-01,-3.156864166259765625e+00,2.079338550567626953e+00,-2.181007862091064453e+00
-1.166000247001647949e+00,-1.635305434465408325e-01,-1.628374695777893066e+00,5.194170475006103516e-01,1.387381434440612793e+00,-6.099211573600769043e-01,8.914939165115356445e-01,-1.363938301801681519e-01,-4.795174896717071533e-01,2.779732942581176758e-01
-2.326032876968383789e+00,7.873228788375854492e-01,9.133227467536926270e-01,-1.647013187408447266e+00,-1.383316993713378906e+00,-6.984813213348388672e-01,5.564576983451843262e-01,-2.234088182449340820e+00,1.011627912521362305e+00,-7.251264154911041260e-02
7.502578496932983398e-01,-6.049093008041381836e-01,4.861945509910583496e-01,1.153517365455627441e+00,-1.153949141502380371e+00,4.225839972496032715e-01,-5.144641995429992676e-01,8.734884262084960938e-01,3.282595276832580566e-01,-7.164624333381652832e-01
1.037460803985595703e+00,-1.363119006156921387e+00,8.282558917999267578e-01,1.105188846588134766e+00,-5.551050901412963867e-01,1.316893577575683594e+00,-1.504602670669555664e+00,9.020784497261047363e-01,-1.272076845169067383e+00,9.048477411270141602e-01
5.064313411712646484e-01,2.373157143592834473e-01,-1.793177276849746704e-01,1.162775382399559021e-01,3.286418914794921875e-01,-3.509562730789184570e+00,4.887707829475402832e-01,-5.945708975195884705e-02,-1.343255996704101562e+00,8.982015848159790039e-01
-6.115600839257240295e-02,5.836755633354187012e-01,1.011089086532592773e+00,-6.853440403938293457e-01,3.121874630451202393e-01,-1.216690540313720703e+00,-9.244293570518493652e-01,2.032991886138916016e+00,3.561845123767852783e-01,7.870732545852661133e-01
-2.033959627151489258e-01,-2.513981759548187256e-01,-1.910406827926635742e+00,7.066954970359802246e-01,-1.255726575851440430e+00,2.839589118957519531e+00,5.196495652198791504e-01,-1.581961512565612793e+00,5.296653509140014648e-01,-7.610832154750823975e-02
-9.240065813064575195e-01,-1.554921030998229980e+00,-1.672155499458312988e+00,-1.765355169773101807e-01,-2.801092267036437988e-01,-1.275915652513504028e-01,1.673989176750183105e+00,1.627244353294372559e+00,7.126244306564331055e-01,1.976082324981689453e-01
-1.154598116874694824e+00,5.407326221466064453e-01,1.897632703185081482e-02,-2.456611633300781250e+00,8.270488381385803223e-01,4.652705788612365723e-01,-7.302692532539367676e-01,1.324150323867797852e+00,-5.623593330383300781e-01,4.240012764930725098e-01
6.636524796485900879e-01,1.298883914947509766e+00,1.444639444351196289e+00,-2.145380020141601562e+00,-2.849199771881103516e-01,-2.324481010437011719e+00,1.341440677642822266e+00,1.134705185890197754e+00,-1.742689847946166992e+00,-6.269710063934326172e-01
-8.532472848892211914e-01,-5.323215126991271973e-01,1.369563579559326172e+00,-1.730276226997375488e+00,-1.933859705924987793e+00,1.289819240570068359e+00,-1.499729305505752563e-01,-1.729444146156311035e+00,8.639430999755859375e-01,-9.400469064712524414e-01
2.087284624576568604e-02,1.280197978019714355e+00,1.911409258842468262e+00,6.610154360532760620e-02,3.615234494209289551e-01,-2.616316080093383789e+00,-2.901200056076049805e+00,-1.153559684753417969e-01,1.150818705558776855e+00,1.012153625488281250e+00
